,Johor
0,10-2
1,10-3
2,10-4
3,10-5
4,10-6
5,10-7
6,10-8
7,10116-3
8,10117-1
9,10117-2
10,10117-3
11,10117-4
12,10117-5
13,10117-6
14,10123-2
15,10123-3
16,10123-5
17,10123-6
18,10213-1
19,10213-10
20,10213-11
21,10213-12
22,10213-13
23,10213-14
24,10213-15
25,10213-16
26,10213-17
27,10213-18
28,10213-19
29,10213-2
30,10213-20
31,10213-21
32,10213-22
33,10213-23
34,10213-24
35,10213-25
36,10213-26
37,10213-27
38,10213-28
39,10213-29
40,10213-3
41,10213-30
42,10213-31
43,10213-32
44,10213-33
45,10213-34
46,10213-35
47,10213-36
48,10213-37
49,10213-38
50,10213-39
51,10213-4
52,10213-40
53,10213-41
54,10213-42
55,10213-43
56,10213-44
57,10213-45
58,10213-46
59,10213-47
60,10213-49
61,10213-5
62,10213-50
63,10213-6
64,10213-7
65,10213-8
66,10213-9
67,10241-1
68,10241-2
69,10241-3
70,10247-1
71,10247-2
72,10247-3
73,10247-4
74,10247-5
75,10268-1
76,10268-2
77,10268-3
78,10268-4
79,10268-5
80,10268-6
81,10268-7
82,10268-8
83,10268-9
84,10279-1
85,10279-4
86,10316-1
87,10316-10
88,10316-11
89,10316-12
90,10316-13
91,10316-14
92,10316-15
93,10316-16
94,10316-17
95,10316-18
96,10316-19
97,10316-2
98,10316-20
99,10316-21
100,10316-22
101,10316-23
102,10316-24
103,10316-25
104,10316-26
105,10316-27
106,10316-28
107,10316-29
108,10316-3
109,10316-30
110,10316-31
111,10316-32
112,10316-33
113,10316-34
114,10316-35
115,10316-36
116,10316-37
117,10316-38
118,10316-39
119,10316-4
120,10316-40
121,10316-41
122,10316-42
123,10316-43
124,10316-44
125,10316-45
126,10316-46
127,10316-47
128,10316-48
129,10316-5
130,10316-6
131,10316-7
132,10316-8
133,10316-9
134,10351-1
135,10382-1
136,10382-10
137,10382-2
138,10382-3
139,10382-4
140,10382-5
141,10382-6
142,10382-7
143,10382-8
144,10382-9
145,10389-1
146,10442-1
147,10442-2
148,10457-1
149,10463-1
150,10463-2
151,10463-3
152,10549-1
153,10555-1
154,10555-10
155,10555-11
156,10555-12
157,10555-13
158,10555-2
159,10555-3
160,10555-4
161,10555-5
162,10555-6
163,10555-7
164,10555-8
165,10555-9
166,10609-1
167,10609-10
168,10609-11
169,10609-12
170,10609-13
171,10609-14
172,10609-15
173,10609-16
174,10609-17
175,10609-18
176,10609-19
177,10609-2
178,10609-20
179,10609-21
180,10609-22
181,10609-23
182,10609-24
183,10609-25
184,10609-26
185,10609-27
186,10609-28
187,10609-29
188,10609-3
189,10609-30
190,10609-31
191,10609-32
192,10609-33
193,10609-34
194,10609-35
195,10609-36
196,10609-37
197,10609-39
198,10609-4
199,10609-40
200,10609-5
201,10609-6
202,10609-7
203,10609-8
204,10609-9
205,10610-1
206,10610-10
207,10610-11
208,10610-12
209,10610-13
210,10610-14
211,10610-2
212,10610-3
213,10610-4
214,10610-5
215,10610-6
216,10610-7
217,10610-8
218,10610-9
219,10611-1
220,10611-10
221,10611-11
222,10611-12
223,10611-13
224,10611-14
225,10611-15
226,10611-19
227,10611-2
228,10611-21
229,10611-3
230,10611-4
231,10611-5
232,10611-6
233,10611-7
234,10611-8
235,10611-9
236,10624-1
237,10624-2
238,10638-1
239,10638-2
240,10638-3
241,10642-1
242,10642-2
243,10642-3
244,10642-4
245,10642-5
246,10642-6
247,10642-7
248,10642-8
249,10656-1
250,10688-2
251,10688-3
252,10713-1
253,10713-10
254,10713-11
255,10713-12
256,10713-13
257,10713-14
258,10713-15
259,10713-16
260,10713-2
261,10713-3
262,10713-4
263,10713-5
264,10713-6
265,10713-7
266,10713-8
267,10713-9
268,10760-10
269,10760-3
270,10760-4
271,10760-7
272,10760-9
273,10774-1
274,10774-2
275,10774-3
276,10795-2
277,10801-1
278,10838-1
279,10838-10
280,10838-11
281,10838-12
282,10838-2
283,10838-3
284,10838-4
285,10838-5
286,10838-6
287,10838-7
288,10838-8
289,10838-9
290,10843-1
291,10886-1
292,10903-1
293,10903-2
294,10903-3
295,10903-4
296,10919-1
297,10919-10
298,10919-2
299,10919-3
300,10919-4
301,10919-5
302,10919-6
303,10919-7
304,10919-8
305,10919-9
306,10949-1
307,10949-2
308,10949-3
309,10949-4
310,10949-5
311,10949-6
312,10955-1
313,10955-2
314,10973-1
315,10973-2
316,10973-3
317,11018-1
318,11018-2
319,11022-1
320,11022-3
321,11024-1
322,11027-1
323,11027-2
324,11027-3
325,11115-1
326,11115-2
327,11115-3
328,11115-4
329,11115-5
330,11123-1
331,11150-1
332,11150-2
333,11150-3
334,11150-4
335,11150-5
336,11150-6
337,11150-7
338,11161-1
339,11161-2
340,11161-3
341,11170-1
342,11170-2
343,11171-1
344,11171-2
345,11171-3
346,11171-4
347,11171-5
348,11171-6
349,11171-7
350,11188-1
351,11188-2
352,11214-1
353,11237-1
354,11237-2
355,11237-3
356,11238-1
357,11242-1
358,11270-1
359,11273-1
360,11273-2
361,11273-3
362,11288-1
363,11288-2
364,11288-3
365,11288-4
366,11288-5
367,11288-6
368,11288-7
369,11288-9
370,11293-1
371,11293-2
372,11293-3
373,11295-1
374,11295-2
375,11295-3
376,11295-4
377,11295-5
378,11295-6
379,11307-1
380,11307-2
381,11324-1
382,11324-2
383,11324-3
384,11324-4
385,11332-1
386,11343-1
387,11343-2
388,11357-1
389,11381-1
390,11381-2
391,11381-3
392,11381-4
393,11381-5
394,11413-1
395,11413-2
396,11413-3
397,11413-4
398,11413-5
399,11413-6
400,11413-7
401,11413-8
402,11435-1
403,11435-2
404,11435-3
405,11470-1
406,11470-2
407,11470-3
408,11470-4
409,11470-5
410,11473-1
411,11473-2
412,11473-3
413,11473-4
414,11473-5
415,11473-6
416,11473-7
417,11473-8
418,11479-1
419,11479-2
420,11491-1
421,11491-2
422,11491-3
423,11520-1
424,11520-2
425,11544-1
426,11574-1
427,11593-1
428,11605-1
429,11627-1
430,11640-1
431,11662-1
432,11662-2
433,11664-1
434,11667-1
435,11667-2
436,11667-3
437,11667-4
438,11687-1
439,11687-2
440,11690-2
441,11690-3
442,11703-2
443,11711-1
444,11712-1
445,11712-2
446,11712-3
447,11728-1
448,11728-2
449,11728-3
450,11758-1
451,11785-1
452,11785-2
453,11785-3
454,11785-4
455,11785-5
456,11786-1
457,11786-2
458,11791-1
459,11804-1
460,11804-2
461,11804-3
462,1181-5
463,1181-6
464,1181-7
465,1181-8
466,11828-1
467,11831-1
468,11831-2
469,11839-1
470,11842-1
471,11842-2
472,11849-1
473,11866-1
474,11866-2
475,11866-3
476,11866-4
477,11883-1
478,11883-2
479,11940-1
480,11940-2
481,11940-3
482,11946-1
483,11979-1
484,11982-1
485,11991-1
486,12004-1
487,12018-2
488,12034-1
489,12034-2
490,12042-1
491,12042-3
492,12071-2
493,12071-4
494,12074-1
495,12081-1
496,12081-2
497,12081-3
498,12086-1
499,12100-1
500,12149-1
501,12169-1
502,12174-1
503,12178-1
504,12178-2
505,12184-1
506,12184-2
507,12197-1
508,12203-1
509,12204-1
510,12204-2
511,12204-3
512,12204-4
513,12204-5
514,12217-2
515,12219-1
516,12231-1
517,12231-2
518,12245-1
519,12270-1
520,12270-2
521,12277-1
522,12307-1
523,12327-1
524,12327-2
525,12327-3
526,12327-4
527,12328-1
528,12336-1
529,12342-2
530,12348-1
531,12348-2
532,12366-1
533,12366-2
534,12367-1
535,12381-1
536,12381-2
537,12390-1
538,12390-2
539,12438-1
540,12440-1
541,12446-1
542,12446-2
543,12446-3
544,12449-1
545,1245-4
546,1245-5
547,1245-6
548,13001-1
549,13013-1
550,13026-1
551,13034-1
552,13060-1
553,13068-1
554,13072-1
555,13078-1
556,13080-1
557,13080-2
558,13096-1
559,13096-2
560,13101-2
561,13117-1
562,13119-1
563,13130-1
564,13130-2
565,13130-3
566,13130-4
567,13130-5
568,13137-1
569,13145-1
570,13156-1
571,13156-2
572,13156-3
573,13165-1
574,13165-2
575,13165-3
576,13165-4
577,13167-1
578,13187-1
579,13187-2
580,13203-1
581,13205-1
582,13219-1
583,13225-1
584,13225-2
585,13227-1
586,13234-1
587,13245-1
588,13248-1
589,13255-1
590,13255-2
591,13255-3
592,13255-4
593,13255-5
594,13255-6
595,13274-1
596,13274-2
597,13293-1
598,13293-2
599,13302-1
600,13319-1
601,13328-1
602,13332-1
603,13335-1
604,13361-1
605,13362-1
606,13364-1
607,13367-1
608,13384-1
609,13399-1
610,1340-16
611,13410-1
612,13410-2
613,13414-1
614,13421-1
615,13431-1
616,13436-1
617,13444-1
618,13444-2
619,13444-3
620,13455-1
621,13457-1
622,13461-2
623,13461-3
624,13461-4
625,13461-5
626,13461-6
627,13461-7
628,13473-1
629,13473-2
630,13514-1
631,13514-2
632,13518-1
633,13518-2
634,13518-3
635,13525-1
636,13531-1
637,13561-1
638,13569-1
639,13578-1
640,13578-2
641,13578-3
642,13578-4
643,13585-1
644,13588-1
645,13592-1
646,13592-2
647,13596-1
648,13596-2
649,13596-3
650,13596-4
651,13596-5
652,13605-1
653,13605-2
654,13605-3
655,13605-4
656,13614-1
657,13616-1
658,13629-1
659,13648-1
660,13651-1
661,13661-1
662,13667-1
663,13670-1
664,13695-1
665,13695-2
666,13695-3
667,13708-1
668,13728-1
669,13730-1
670,13731-1
671,13731-2
672,13731-3
673,13731-4
674,13732-1
675,13732-2
676,13740-1
677,13743-1
678,13759-1
679,13759-10
680,13759-13
681,13759-14
682,13759-16
683,13759-2
684,13759-4
685,13759-5
686,13759-6
687,13759-7
688,13759-8
689,13759-9
690,13763-1
691,13770-1
692,13772-1
693,13772-2
694,13772-3
695,13772-4
696,13785-1
697,13788-1
698,13794-1
699,13794-2
700,13794-3
701,13794-4
702,13794-5
703,13816-1
704,13816-2
705,13825-1
706,13839-1
707,13839-2
708,13845-1
709,13856-1
710,13873-1
711,13876-1
712,13880-1
713,13882-1
714,13885-1
715,13896-1
716,13901-1
717,13931-1
718,13974-1
719,13977-1
720,13977-2
721,13996-1
722,14019-1
723,14019-2
724,14020-1
725,14020-2
726,14020-3
727,14020-4
728,14023-1
729,14031-1
730,14032-1
731,14049-1
732,14103-1
733,14103-2
734,14103-3
735,14103-4
736,14106-1
737,14110-1
738,14167-1
739,14167-2
740,14169-3
741,14169-37
742,14169-44
743,14169-6
744,14188-1
745,14188-10
746,14188-11
747,14188-12
748,14188-13
749,14188-14
750,14188-15
751,14188-16
752,14188-17
753,14188-18
754,14188-19
755,14188-2
756,14188-3
757,14188-4
758,14188-5
759,14188-6
760,14188-7
761,14188-8
762,14188-9
763,14220-1
764,14226-3
765,14228-2
766,14269-1
767,14269-2
768,14269-4
769,14270-1
770,14271-1
771,14273-1
772,14273-2
773,14275-1
774,14275-2
775,14275-3
776,14285-1
777,14285-2
778,14285-3
779,14297-1
780,14297-2
781,14297-3
782,14297-4
783,14297-5
784,14297-6
785,14297-7
786,14310-1
787,14320-1
788,14320-2
789,14320-3
790,14320-4
791,14320-5
792,14320-6
793,14320-7
794,14320-8
795,14324-1
796,14327-1
797,14346-1
798,14358-1
799,14358-2
800,14358-3
801,14361-1
802,14363-1
803,14373-1
804,14385-1
805,14394-1
806,14399-1
807,14409-1
808,14409-2
809,14409-3
810,14414-1
811,14441-1
812,14469-1
813,14474-1
814,14482-1
815,14482-2
816,14523-1
817,14523-2
818,14536-1
819,14544-1
820,14544-2
821,14544-3
822,14561-1
823,14566-1
824,14566-2
825,14575-2
826,14589-1
827,14589-2
828,14589-3
829,14589-4
830,14589-5
831,14589-6
832,14589-7
833,14589-8
834,14596-1
835,14633-1
836,14637-1
837,14641-1
838,14647-1
839,14651-1
840,14652-1
841,14652-2
842,14661-1
843,14661-2
844,14668-1
845,14675-1
846,14675-2
847,14684-1
848,14708-1
849,14708-2
850,14708-5
851,14710-1
852,14710-2
853,14710-4
854,14710-5
855,14736-1
856,1773-3
857,1773-6
858,1773-7
859,1773-8
860,1811-18
861,1811-21
862,1811-24
863,1811-25
864,1811-26
865,1811-27
866,1811-28
867,1811-29
868,1811-30
869,1811-5
870,19068-1
871,19106-1
872,19109-1
873,19116-2
874,19148-1
875,19148-2
876,19165-1
877,19165-2
878,19165-3
879,19167-1
880,19167-2
881,19167-3
882,19193-1
883,19193-2
884,19217-1
885,19231-1
886,19249-1
887,19277-1
888,19296-1
889,19333-1
890,19333-2
891,19398-1
892,19398-2
893,19413-1
894,19456-1
895,19456-2
896,19457-1
897,19488-1
898,19491-1
899,19504-1
900,19517-1
901,19534-1
902,19534-2
903,19557-1
904,19579-1
905,19584-1
906,19585-1
907,19629-1
908,19634-1
909,19634-2
910,19667-1
911,19667-2
912,19669-1
913,19684-1
914,19687-1
915,19687-2
916,19706-1
917,19706-2
918,19713-1
919,19725-1
920,19741-1
921,19742-1
922,19742-2
923,19756-1
924,19757-1
925,19767-1
926,19767-2
927,19774-1
928,19782-1
929,19788-1
930,19794-1
931,19794-13
932,19794-15
933,19794-2
934,19794-3
935,19794-4
936,19794-5
937,19800-1
938,19821-1
939,19824-1
940,19829-1
941,19831-1
942,19841-1
943,19841-2
944,19841-3
945,19841-4
946,19854-1
947,19869-1
948,19869-3
949,19887-1
950,19894-2
951,19900-1
952,19985-1
953,19985-2
954,19985-3
955,19985-4
956,19985-5
957,19985-6
958,19989-1
959,20066-2
960,20181-1
961,20182-1
962,20206-1
963,20224-1
964,20228-1
965,20241-1
966,2277-2
967,2277-4
968,2277-5
969,2277-6
970,2277-7
971,2387-10
972,2387-11
973,2387-12
974,2387-13
975,2387-14
976,2387-15
977,2387-17
978,2387-6
979,2387-9
980,2416-10
981,2416-11
982,2416-12
983,2416-13
984,2416-14
985,2416-15
986,2416-16
987,2416-7
988,2416-8
989,2416-9
990,263-15
991,2823-11
992,2823-12
993,2823-13
994,2823-14
995,2823-15
996,2823-16
997,2823-17
998,2823-18
999,2823-19
1000,2823-20
1001,2823-21
1002,2823-22
1003,2823-23
1004,2823-24
1005,2823-25
1006,2823-26
1007,2823-27
1008,2823-28
1009,2823-29
1010,2823-30
1011,2823-31
1012,2823-32
1013,2823-33
1014,2823-34
1015,2823-35
1016,2823-36
1017,2823-37
1018,2823-40
1019,2827-1
1020,2827-2
1021,2827-3
1022,2827-4
1023,2827-5
1024,2829-1
1025,30007-1
1026,30112-1
1027,30117-1
1028,303-1
1029,3090-8
1030,3131-2
1031,3131-3
1032,3131-4
1033,3131-5
1034,3131-6
1035,3131-7
1036,3131-8
1037,3322-17
1038,3322-18
1039,3322-19
1040,3322-20
1041,3322-21
1042,3322-22
1043,3322-23
1044,3322-24
1045,3322-25
1046,3322-26
1047,3322-28
1048,3322-29
1049,3322-30
1050,3322-31
1051,3322-32
1052,3322-33
1053,3322-34
1054,3322-35
1055,3322-36
1056,3390-17
1057,3390-23
1058,3390-24
1059,3390-25
1060,3390-26
1061,3390-27
1062,3390-28
1063,3390-29
1064,3390-30
1065,3390-31
1066,3390-32
1067,3390-33
1068,3390-34
1069,3390-35
1070,3390-36
1071,3390-37
1072,3390-38
1073,3390-39
1074,3390-40
1075,3390-41
1076,3390-42
1077,3390-43
1078,3390-44
1079,3390-45
1080,3390-47
1081,3390-48
1082,3390-49
1083,3390-51
1084,3390-52
1085,3390-53
1086,3390-54
1087,3390-57
1088,3390-58
1089,3390-59
1090,3390-60
1091,3390-61
1092,3390-63
1093,3390-65
1094,3390-69
1095,3390-73
1096,3600-2
1097,362-1
1098,362-10
1099,362-11
1100,362-2
1101,362-3
1102,362-4
1103,362-5
1104,362-6
1105,362-7
1106,362-8
1107,362-9
1108,3625-1
1109,3625-2
1110,3625-3
1111,3778-14
1112,3778-17
1113,3778-20
1114,3778-22
1115,3778-23
1116,3778-24
1117,3778-25
1118,3778-26
1119,3778-27
1120,3778-28
1121,3778-29
1122,3778-30
1123,3778-31
1124,3778-32
1125,3778-33
1126,3778-34
1127,3778-35
1128,3778-37
1129,3778-38
1130,3778-39
1131,3778-40
1132,3778-41
1133,3778-42
1134,3778-44
1135,3927-127
1136,4204-10
1137,4204-12
1138,4204-7
1139,4204-9
1140,4215-23
1141,4215-26
1142,4215-27
1143,4215-28
1144,4215-29
1145,4238-3
1146,4248-17
1147,4248-18
1148,4248-8
1149,4248-9
1150,4410-14
1151,4410-16
1152,4410-17
1153,4410-18
1154,4410-19
1155,4428-1
1156,4441-21
1157,4441-30
1158,4441-35
1159,4441-38
1160,4441-39
1161,4441-41
1162,4441-43
1163,4441-48
1164,4441-49
1165,4441-61
1166,4441-62
1167,4441-64
1168,4441-65
1169,4441-67
1170,4441-68
1171,4441-69
1172,4443-4
1173,4443-5
1174,4483-4
1175,4484-20
1176,4484-22
1177,4484-23
1178,4484-24
1179,4484-25
1180,4484-26
1181,4484-27
1182,4484-28
1183,4484-29
1184,4614-10
1185,4614-11
1186,4614-7
1187,4614-9
1188,4706-2
1189,4706-7
1190,4706-8
1191,4751-2
1192,4778-10
1193,4778-11
1194,4778-12
1195,4778-13
1196,4778-14
1197,4778-2
1198,4778-7
1199,4778-8
1200,4778-9
1201,4805-10
1202,4805-11
1203,4805-12
1204,4805-13
1205,4805-14
1206,4861-4
1207,4919-10
1208,4919-11
1209,4919-12
1210,4919-13
1211,4919-14
1212,4919-15
1213,4919-16
1214,4919-17
1215,4919-18
1216,4919-19
1217,4919-2
1218,4919-20
1219,4919-21
1220,4919-3
1221,4919-4
1222,4919-5
1223,4919-6
1224,4919-7
1225,4919-8
1226,4919-9
1227,506-6
1228,506-7
1229,5121-10
1230,5121-12
1231,5121-7
1232,5121-8
1233,5121-9
1234,5131-2
1235,5131-3
1236,5131-4
1237,5192-2
1238,5192-3
1239,5192-4
1240,5192-5
1241,5192-6
1242,5192-7
1243,5202-13
1244,5202-14
1245,5202-15
1246,5202-16
1247,5202-17
1248,5202-18
1249,5202-19
1250,5202-20
1251,5202-21
1252,5202-22
1253,5202-23
1254,5202-24
1255,5202-25
1256,5202-26
1257,5202-27
1258,5202-28
1259,5202-29
1260,5202-30
1261,5202-31
1262,5202-33
1263,5202-35
1264,5263-10
1265,5263-15
1266,5263-17
1267,5263-18
1268,5263-19
1269,5263-20
1270,5263-21
1271,5263-22
1272,5263-6
1273,5364-4
1274,5364-5
1275,5468-6
1276,5468-7
1277,5468-8
1278,5640-11
1279,5640-12
1280,5640-13
1281,5640-14
1282,5640-15
1283,5640-16
1284,5640-17
1285,5640-18
1286,5640-19
1287,5721-1
1288,5721-3
1289,5736-16
1290,5736-17
1291,5736-22
1292,5736-25
1293,5736-26
1294,5736-28
1295,5736-29
1296,5736-30
1297,5736-32
1298,5736-33
1299,5736-34
1300,5736-35
1301,5736-36
1302,5736-37
1303,5736-38
1304,5736-39
1305,5736-40
1306,5736-41
1307,5736-42
1308,5736-43
1309,5736-44
1310,5736-45
1311,5736-46
1312,5736-47
1313,5736-48
1314,5736-49
1315,5736-50
1316,5736-51
1317,5736-52
1318,5736-53
1319,5736-54
1320,5736-55
1321,5736-56
1322,5736-57
1323,5736-58
1324,5876-2
1325,5876-3
1326,5887-10
1327,5887-11
1328,5887-2
1329,5887-4
1330,5887-5
1331,5887-6
1332,5887-7
1333,5887-8
1334,5887-9
1335,5911-16
1336,5911-23
1337,5911-25
1338,5911-26
1339,5911-27
1340,5911-28
1341,5911-29
1342,5911-30
1343,5975-2
1344,6034-20
1345,6034-21
1346,6034-22
1347,6034-23
1348,6034-24
1349,6034-25
1350,6034-26
1351,6034-27
1352,6034-28
1353,6034-29
1354,6034-30
1355,6089-10
1356,6089-11
1357,6089-12
1358,6089-13
1359,6089-14
1360,6089-15
1361,6089-16
1362,6089-17
1363,6089-18
1364,6089-19
1365,6089-20
1366,6089-21
1367,6089-22
1368,6089-23
1369,6089-24
1370,6089-6
1371,6089-8
1372,6089-9
1373,6123-11
1374,6123-12
1375,6123-13
1376,6123-14
1377,6123-5
1378,6123-7
1379,6123-8
1380,6123-9
1381,6133-2
1382,6133-3
1383,6133-4
1384,6309-10
1385,6309-12
1386,6309-13
1387,6309-14
1388,6309-15
1389,6309-16
1390,6309-17
1391,6309-18
1392,6309-19
1393,6309-20
1394,6309-22
1395,6309-23
1396,6309-24
1397,6309-26
1398,6309-3
1399,6309-4
1400,6309-5
1401,6309-6
1402,6309-7
1403,6309-8
1404,6309-9
1405,6331-10
1406,6331-4
1407,6331-5
1408,6331-6
1409,6331-7
1410,6331-9
1411,6418-11
1412,6418-13
1413,6418-14
1414,6418-16
1415,6418-17
1416,6418-18
1417,6418-19
1418,6418-20
1419,6418-21
1420,6418-22
1421,6418-23
1422,6418-24
1423,6418-25
1424,6418-26
1425,6418-27
1426,6418-28
1427,6418-29
1428,6418-30
1429,6418-31
1430,6418-32
1431,6418-33
1432,6418-6
1433,6418-9
1434,6443-10
1435,6443-11
1436,6443-12
1437,6443-13
1438,6443-14
1439,6443-15
1440,6443-16
1441,6443-6
1442,6443-7
1443,6443-8
1444,6514-10
1445,6514-12
1446,6514-13
1447,6514-14
1448,6514-17
1449,6514-18
1450,6514-22
1451,6552-19
1452,6552-21
1453,6552-22
1454,6552-23
1455,6552-24
1456,6552-25
1457,6552-26
1458,6552-27
1459,6552-28
1460,6552-30
1461,6552-31
1462,6552-32
1463,6552-34
1464,6552-35
1465,6593-3
1466,6593-5
1467,6593-6
1468,6593-8
1469,6593-9
1470,6624-3
1471,6680-10
1472,6680-11
1473,6680-12
1474,6680-13
1475,6680-14
1476,6701-10
1477,6701-11
1478,6701-12
1479,6701-13
1480,6701-14
1481,6701-15
1482,6701-8
1483,6710-10
1484,6710-5
1485,6710-6
1486,6710-7
1487,6710-8
1488,6710-9
1489,673-10
1490,673-11
1491,673-6
1492,673-8
1493,673-9
1494,6737-36
1495,6737-39
1496,6737-40
1497,6737-42
1498,6737-44
1499,6737-46
1500,6737-47
1501,6737-48
1502,6737-49
1503,6737-50
1504,6737-51
1505,6737-52
1506,6737-55
1507,6737-56
1508,6737-57
1509,6737-58
1510,6737-59
1511,6737-60
1512,6737-61
1513,6737-62
1514,6737-63
1515,6737-64
1516,6737-65
1517,6737-66
1518,6737-67
1519,6737-68
1520,6737-69
1521,6737-70
1522,6737-71
1523,6737-72
1524,6737-73
1525,6737-74
1526,6737-75
1527,6737-76
1528,6737-77
1529,6737-78
1530,6737-79
1531,6737-80
1532,6737-81
1533,6737-82
1534,6737-83
1535,6737-84
1536,6737-85
1537,6737-86
1538,6737-87
1539,6737-88
1540,6737-89
1541,6737-90
1542,6737-91
1543,6737-93
1544,6737-94
1545,6737-95
1546,6767-5
1547,6827-1
1548,6827-10
1549,6827-11
1550,6827-12
1551,6827-13
1552,6827-14
1553,6827-15
1554,6827-16
1555,6827-17
1556,6827-18
1557,6827-19
1558,6827-2
1559,6827-20
1560,6827-21
1561,6827-22
1562,6827-23
1563,6827-24
1564,6827-25
1565,6827-26
1566,6827-27
1567,6827-28
1568,6827-29
1569,6827-3
1570,6827-30
1571,6827-31
1572,6827-32
1573,6827-33
1574,6827-34
1575,6827-35
1576,6827-36
1577,6827-37
1578,6827-38
1579,6827-39
1580,6827-4
1581,6827-40
1582,6827-41
1583,6827-5
1584,6827-6
1585,6827-7
1586,6827-8
1587,6827-9
1588,6866-12
1589,6866-13
1590,6866-14
1591,6866-15
1592,6866-2
1593,6866-4
1594,7046-11
1595,7046-12
1596,7046-13
1597,7046-14
1598,7046-15
1599,7046-16
1600,7046-17
1601,7046-18
1602,7046-19
1603,7046-20
1604,7058-1
1605,7058-2
1606,7060-24
1607,7060-27
1608,7060-28
1609,7060-3
1610,7060-30
1611,7060-31
1612,7060-32
1613,7060-33
1614,7060-35
1615,7060-36
1616,7060-37
1617,7060-38
1618,7060-39
1619,7060-40
1620,7060-41
1621,7060-42
1622,7060-43
1623,7060-44
1624,7060-45
1625,7060-46
1626,7060-47
1627,7060-48
1628,7060-49
1629,7060-5
1630,7060-50
1631,7060-51
1632,7060-52
1633,7060-53
1634,7060-54
1635,7060-55
1636,7060-56
1637,7060-57
1638,7060-58
1639,7060-9
1640,7131-32
1641,7131-40
1642,7144-1
1643,7144-2
1644,7144-3
1645,7144-4
1646,7144-5
1647,7147-10
1648,7147-11
1649,7147-12
1650,7147-13
1651,7147-14
1652,7147-15
1653,7147-16
1654,7147-17
1655,7147-18
1656,7147-19
1657,7147-2
1658,7147-20
1659,7147-21
1660,7147-22
1661,7147-23
1662,7147-24
1663,7147-25
1664,7147-26
1665,7147-27
1666,7147-28
1667,7147-29
1668,7147-3
1669,7147-30
1670,7147-31
1671,7147-4
1672,7147-40
1673,7147-5
1674,7147-51
1675,7147-52
1676,7147-53
1677,7147-55
1678,7147-56
1679,7147-57
1680,7147-58
1681,7147-59
1682,7147-6
1683,7147-60
1684,7147-61
1685,7147-62
1686,7147-63
1687,7147-64
1688,7147-65
1689,7147-66
1690,7147-67
1691,7147-68
1692,7147-69
1693,7147-7
1694,7147-71
1695,7147-74
1696,7147-75
1697,7147-76
1698,7147-8
1699,7147-9
1700,7164-10
1701,7164-11
1702,7164-14
1703,7164-15
1704,7164-16
1705,7164-17
1706,7164-18
1707,7164-19
1708,7164-21
1709,7164-22
1710,7164-23
1711,7164-24
1712,7164-26
1713,7164-27
1714,7164-28
1715,7164-30
1716,7164-31
1717,7164-40
1718,7164-42
1719,7164-9
1720,7165-10
1721,7165-11
1722,7165-5
1723,7165-7
1724,7165-8
1725,7165-9
1726,7180-13
1727,7180-16
1728,7180-23
1729,7180-24
1730,7180-25
1731,7180-26
1732,7180-27
1733,7180-28
1734,7180-29
1735,7180-30
1736,7180-31
1737,7180-32
1738,7180-33
1739,7180-34
1740,7180-35
1741,7180-36
1742,7180-4
1743,7185-10
1744,7185-11
1745,7185-12
1746,7185-13
1747,7185-14
1748,7185-15
1749,7185-16
1750,7185-17
1751,7185-18
1752,7185-19
1753,7185-20
1754,7185-21
1755,7185-22
1756,7185-5
1757,7185-6
1758,7185-7
1759,7185-8
1760,7185-9
1761,7215-1
1762,7215-2
1763,7215-3
1764,7215-4
1765,7215-5
1766,7215-6
1767,7215-7
1768,7215-8
1769,7228-18
1770,7228-22
1771,7228-24
1772,7228-25
1773,7228-26
1774,7228-27
1775,7228-28
1776,7228-29
1777,7228-30
1778,7228-31
1779,7228-32
1780,7228-33
1781,7228-34
1782,7228-35
1783,7228-36
1784,7228-37
1785,7228-38
1786,7228-39
1787,7228-40
1788,7228-41
1789,7228-42
1790,7228-43
1791,7228-44
1792,7228-45
1793,7228-46
1794,7228-47
1795,7228-48
1796,7228-49
1797,7228-54
1798,7228-55
1799,7245-3
1800,7245-4
1801,7245-5
1802,7266-10
1803,7266-11
1804,7266-12
1805,7266-13
1806,7266-14
1807,7266-15
1808,7266-16
1809,7266-17
1810,7266-18
1811,7266-19
1812,7266-20
1813,7266-21
1814,7266-22
1815,7266-23
1816,7266-4
1817,7266-7
1818,7266-8
1819,7266-9
1820,7360-10
1821,7360-11
1822,7360-13
1823,7360-2
1824,7405-11
1825,7405-12
1826,7405-13
1827,7405-14
1828,7405-15
1829,7405-16
1830,7405-17
1831,7405-18
1832,7405-19
1833,7405-20
1834,7405-21
1835,7405-22
1836,7430-10
1837,7430-11
1838,7430-12
1839,7430-13
1840,7430-14
1841,7430-15
1842,7430-16
1843,7430-17
1844,7430-18
1845,7430-2
1846,7430-3
1847,7430-5
1848,7430-6
1849,7430-7
1850,7430-8
1851,7430-9
1852,7433-1
1853,7433-2
1854,7528-10
1855,7528-2
1856,7528-3
1857,7528-5
1858,7528-6
1859,7528-7
1860,7528-8
1861,7528-9
1862,7536-2
1863,7545-6
1864,7545-8
1865,7576-10
1866,7576-11
1867,7576-12
1868,7576-3
1869,7576-4
1870,7576-5
1871,7576-6
1872,7576-7
1873,7576-8
1874,7576-9
1875,7620-4
1876,7620-7
1877,7633-8
1878,7702-11
1879,7702-12
1880,7702-13
1881,7702-14
1882,7702-15
1883,7702-16
1884,7702-23
1885,7702-24
1886,7702-25
1887,7702-26
1888,7702-28
1889,7702-31
1890,7702-32
1891,7702-33
1892,7702-34
1893,7702-35
1894,7702-36
1895,7702-37
1896,7702-38
1897,7702-39
1898,7702-41
1899,7702-42
1900,7702-43
1901,7702-47
1902,7702-48
1903,7722-10
1904,7722-11
1905,7722-12
1906,7722-13
1907,7722-14
1908,7722-4
1909,7722-5
1910,7722-6
1911,7722-7
1912,7722-8
1913,7722-9
1914,7739-12
1915,7739-13
1916,7739-14
1917,7739-15
1918,7739-16
1919,7739-17
1920,7739-18
1921,7739-8
1922,7751-1
1923,7751-3
1924,7777-2
1925,7777-3
1926,7777-4
1927,7777-5
1928,7777-6
1929,7777-7
1930,7777-8
1931,7828-2
1932,7828-3
1933,7828-4
1934,7828-5
1935,7862-2
1936,7862-3
1937,7864-2
1938,7912-1
1939,7912-10
1940,7912-100
1941,7912-101
1942,7912-102
1943,7912-103
1944,7912-104
1945,7912-105
1946,7912-106
1947,7912-107
1948,7912-108
1949,7912-109
1950,7912-11
1951,7912-110
1952,7912-111
1953,7912-112
1954,7912-113
1955,7912-114
1956,7912-117
1957,7912-12
1958,7912-13
1959,7912-14
1960,7912-15
1961,7912-16
1962,7912-17
1963,7912-18
1964,7912-19
1965,7912-2
1966,7912-20
1967,7912-21
1968,7912-22
1969,7912-23
1970,7912-24
1971,7912-25
1972,7912-26
1973,7912-27
1974,7912-28
1975,7912-29
1976,7912-3
1977,7912-30
1978,7912-31
1979,7912-32
1980,7912-33
1981,7912-34
1982,7912-35
1983,7912-36
1984,7912-37
1985,7912-38
1986,7912-39
1987,7912-4
1988,7912-40
1989,7912-41
1990,7912-42
1991,7912-43
1992,7912-44
1993,7912-45
1994,7912-46
1995,7912-47
1996,7912-48
1997,7912-49
1998,7912-5
1999,7912-50
2000,7912-51
2001,7912-52
2002,7912-53
2003,7912-54
2004,7912-55
2005,7912-56
2006,7912-57
2007,7912-58
2008,7912-59
2009,7912-6
2010,7912-60
2011,7912-61
2012,7912-62
2013,7912-63
2014,7912-64
2015,7912-65
2016,7912-66
2017,7912-67
2018,7912-68
2019,7912-69
2020,7912-7
2021,7912-70
2022,7912-71
2023,7912-72
2024,7912-73
2025,7912-74
2026,7912-75
2027,7912-76
2028,7912-77
2029,7912-78
2030,7912-79
2031,7912-8
2032,7912-80
2033,7912-81
2034,7912-82
2035,7912-83
2036,7912-84
2037,7912-85
2038,7912-86
2039,7912-87
2040,7912-88
2041,7912-89
2042,7912-9
2043,7912-90
2044,7912-91
2045,7912-92
2046,7912-93
2047,7912-94
2048,7912-95
2049,7912-96
2050,7912-97
2051,7912-98
2052,7912-99
2053,7945-2
2054,7945-3
2055,7945-4
2056,7945-5
2057,7945-6
2058,7945-7
2059,8047-3
2060,8047-4
2061,8047-5
2062,8047-6
2063,8047-7
2064,8047-8
2065,8047-9
2066,8066-2
2067,8074-3
2068,8095-10
2069,8095-11
2070,8095-12
2071,8095-13
2072,8095-14
2073,8095-15
2074,8095-16
2075,8095-17
2076,8095-18
2077,8095-19
2078,8095-20
2079,8095-21
2080,8095-22
2081,8095-24
2082,8095-25
2083,8095-26
2084,8095-27
2085,8095-28
2086,8095-30
2087,8095-31
2088,8095-32
2089,8095-6
2090,8095-9
2091,8118-1
2092,8118-10
2093,8118-11
2094,8118-12
2095,8118-13
2096,8118-14
2097,8118-15
2098,8118-16
2099,8118-17
2100,8118-18
2101,8118-19
2102,8118-2
2103,8118-20
2104,8118-21
2105,8118-22
2106,8118-23
2107,8118-24
2108,8118-25
2109,8118-26
2110,8118-27
2111,8118-28
2112,8118-29
2113,8118-3
2114,8118-30
2115,8118-31
2116,8118-32
2117,8118-33
2118,8118-34
2119,8118-35
2120,8118-36
2121,8118-37
2122,8118-38
2123,8118-39
2124,8118-4
2125,8118-40
2126,8118-41
2127,8118-42
2128,8118-43
2129,8118-44
2130,8118-45
2131,8118-46
2132,8118-47
2133,8118-48
2134,8118-49
2135,8118-5
2136,8118-50
2137,8118-51
2138,8118-52
2139,8118-53
2140,8118-54
2141,8118-55
2142,8118-56
2143,8118-57
2144,8118-58
2145,8118-59
2146,8118-6
2147,8118-61
2148,8118-62
2149,8118-63
2150,8118-64
2151,8118-65
2152,8118-7
2153,8118-8
2154,8118-9
2155,8154-10
2156,8154-11
2157,8154-12
2158,8154-13
2159,8154-14
2160,8154-15
2161,8154-16
2162,8154-17
2163,8154-18
2164,8154-19
2165,8154-20
2166,8154-21
2167,8154-22
2168,8154-23
2169,8154-24
2170,8154-25
2171,8154-26
2172,8154-27
2173,8154-28
2174,8154-29
2175,8154-30
2176,8154-31
2177,8154-32
2178,8154-33
2179,8154-34
2180,8154-35
2181,8154-36
2182,8154-37
2183,8154-38
2184,8154-8
2185,8154-9
2186,8155-4
2187,8155-5
2188,8155-6
2189,8155-7
2190,8155-8
2191,8155-9
2192,8161-10
2193,8161-11
2194,8161-13
2195,8161-15
2196,8161-16
2197,8161-17
2198,8161-18
2199,8161-19
2200,8161-20
2201,8161-21
2202,8161-22
2203,8161-23
2204,8161-24
2205,8161-25
2206,8161-26
2207,8161-27
2208,8161-28
2209,8161-29
2210,8161-30
2211,8161-32
2212,8161-9
2213,817-1
2214,8219-10
2215,8219-11
2216,8219-12
2217,8219-13
2218,8219-3
2219,8219-7
2220,8219-8
2221,8219-9
2222,8232-10
2223,8232-11
2224,8232-12
2225,8232-13
2226,8232-14
2227,8232-5
2228,8232-6
2229,8232-7
2230,8232-8
2231,8232-9
2232,8246-7
2233,8246-8
2234,8246-9
2235,8257-21
2236,8257-24
2237,8257-25
2238,8257-26
2239,8257-30
2240,8257-31
2241,8257-32
2242,8257-33
2243,8257-34
2244,8257-35
2245,8257-36
2246,8257-37
2247,8257-38
2248,8257-39
2249,8257-40
2250,8257-41
2251,8257-42
2252,8257-43
2253,8257-44
2254,8257-45
2255,8257-46
2256,8257-47
2257,8257-48
2258,8257-49
2259,8257-50
2260,8257-51
2261,8257-52
2262,8257-53
2263,8257-54
2264,8257-55
2265,8257-56
2266,8257-57
2267,8257-58
2268,8257-59
2269,8257-60
2270,8257-61
2271,8257-62
2272,8257-63
2273,8259-10
2274,8259-11
2275,8259-12
2276,8259-13
2277,8259-14
2278,8259-15
2279,8259-16
2280,8259-17
2281,8259-18
2282,8259-19
2283,8259-20
2284,8259-7
2285,8259-8
2286,8259-9
2287,8306-1
2288,8311-13
2289,8311-21
2290,8311-36
2291,8311-9
2292,8316-10
2293,8316-11
2294,8316-12
2295,8316-13
2296,8316-14
2297,8316-15
2298,8316-16
2299,8316-17
2300,8316-2
2301,8316-3
2302,8316-4
2303,8316-5
2304,8316-6
2305,8316-7
2306,8316-8
2307,8316-9
2308,8326-10
2309,8326-11
2310,8326-12
2311,8326-13
2312,8326-14
2313,8326-15
2314,8326-8
2315,8326-9
2316,835-2
2317,835-4
2318,835-5
2319,835-6
2320,835-7
2321,835-8
2322,835-9
2323,8426-2
2324,8426-3
2325,8426-4
2326,8426-5
2327,8426-6
2328,8426-7
2329,8428-10
2330,8428-11
2331,8428-12
2332,8428-13
2333,8428-14
2334,8428-15
2335,8428-16
2336,8428-17
2337,8428-18
2338,8428-19
2339,8428-2
2340,8428-20
2341,8428-21
2342,8428-4
2343,8428-5
2344,8428-6
2345,8428-7
2346,8428-8
2347,8428-9
2348,8429-2
2349,8429-3
2350,8442-10
2351,8442-11
2352,8442-12
2353,8442-4
2354,8442-5
2355,8442-6
2356,8442-7
2357,8442-8
2358,8442-9
2359,8462-1
2360,8462-2
2361,8462-3
2362,8462-4
2363,8493-10
2364,8493-11
2365,8493-12
2366,8493-13
2367,8493-14
2368,8493-15
2369,8493-16
2370,8493-17
2371,8493-18
2372,8493-19
2373,8493-20
2374,8493-21
2375,8493-22
2376,8493-23
2377,8493-7
2378,8493-8
2379,8493-9
2380,8528-10
2381,8528-11
2382,8528-12
2383,8528-13
2384,8528-14
2385,8528-15
2386,8528-16
2387,8528-18
2388,8528-19
2389,8528-2
2390,8528-3
2391,8528-4
2392,8528-5
2393,8528-6
2394,8528-7
2395,8528-8
2396,8528-9
2397,8676-1
2398,8707-2
2399,8707-3
2400,8707-4
2401,8707-5
2402,8707-6
2403,8707-7
2404,8707-8
2405,8707-9
2406,8718-1
2407,8718-2
2408,8718-3
2409,8718-4
2410,8777-5
2411,8777-7
2412,8777-8
2413,8791-2
2414,8791-3
2415,8854-1
2416,8873-6
2417,8895-2
2418,8895-3
2419,8895-4
2420,8899-2
2421,8918-10
2422,8918-11
2423,8918-12
2424,8918-13
2425,8918-14
2426,8918-15
2427,8918-16
2428,8918-17
2429,8918-18
2430,8918-19
2431,8918-2
2432,8918-20
2433,8918-21
2434,8918-22
2435,8918-23
2436,8918-24
2437,8918-25
2438,8918-26
2439,8918-27
2440,8918-28
2441,8918-29
2442,8918-30
2443,8918-31
2444,8918-32
2445,8918-33
2446,8918-34
2447,8918-35
2448,8918-36
2449,8918-37
2450,8918-38
2451,8918-39
2452,8918-4
2453,8918-40
2454,8918-41
2455,8918-42
2456,8918-43
2457,8918-44
2458,8918-47
2459,8918-5
2460,8918-6
2461,8918-7
2462,8918-8
2463,8918-9
2464,8919-4
2465,8919-5
2466,8919-6
2467,8922-1
2468,8922-3
2469,8922-4
2470,8939-2
2471,8939-3
2472,8939-4
2473,8939-5
2474,8939-6
2475,8939-7
2476,8940-10
2477,8940-4
2478,8940-5
2479,8940-6
2480,8940-7
2481,8940-8
2482,8940-9
2483,8941-10
2484,8941-2
2485,8941-3
2486,8941-4
2487,8941-5
2488,8941-6
2489,8941-7
2490,8941-8
2491,8941-9
2492,8955-2
2493,8955-3
2494,8955-4
2495,8955-5
2496,8971-1
2497,8971-10
2498,8971-11
2499,8971-12
2500,8971-13
2501,8971-14
2502,8971-2
2503,8971-3
2504,8971-4
2505,8971-5
2506,8971-6
2507,8971-7
2508,8971-8
2509,8971-9
2510,8998-1
2511,8998-3
2512,9008-2
2513,9009-1
2514,9009-10
2515,9009-11
2516,9009-12
2517,9009-13
2518,9009-14
2519,9009-15
2520,9009-16
2521,9009-17
2522,9009-2
2523,9009-3
2524,9009-4
2525,9009-5
2526,9009-6
2527,9009-7
2528,9009-8
2529,9009-9
2530,9114-4
2531,9114-5
2532,9114-6
2533,9133-2
2534,9133-4
2535,9133-5
2536,9133-6
2537,9142-1
2538,9142-3
2539,9142-4
2540,9142-5
2541,9142-6
2542,9142-8
2543,9142-9
2544,9186-1
2545,9186-2
2546,9201-3
2547,9201-4
2548,9201-5
2549,9240-1
2550,9240-2
2551,9294-10
2552,9294-11
2553,9294-12
2554,9294-13
2555,9294-14
2556,9294-15
2557,9294-16
2558,9294-17
2559,9294-18
2560,9294-19
2561,9294-2
2562,9294-20
2563,9294-21
2564,9294-22
2565,9294-23
2566,9294-24
2567,9294-25
2568,9294-26
2569,9294-27
2570,9294-28
2571,9294-3
2572,9294-30
2573,9294-31
2574,9294-33
2575,9294-34
2576,9294-36
2577,9294-37
2578,9294-38
2579,9294-4
2580,9294-41
2581,9294-42
2582,9294-43
2583,9294-44
2584,9294-45
2585,9294-46
2586,9294-49
2587,9294-5
2588,9294-50
2589,9294-51
2590,9294-52
2591,9294-54
2592,9294-55
2593,9294-58
2594,9294-59
2595,9294-6
2596,9294-7
2597,9294-8
2598,9294-9
2599,930-12
2600,930-13
2601,930-14
2602,9321-1
2603,9321-10
2604,9321-11
2605,9321-12
2606,9321-13
2607,9321-2
2608,9321-3
2609,9321-4
2610,9321-5
2611,9321-6
2612,9321-7
2613,9321-8
2614,9321-9
2615,9333-1
2616,9333-10
2617,9333-11
2618,9333-12
2619,9333-13
2620,9333-2
2621,9333-3
2622,9333-4
2623,9333-5
2624,9333-6
2625,9333-7
2626,9333-8
2627,9333-9
2628,9338-1
2629,9338-2
2630,9338-3
2631,9338-4
2632,9341-1
2633,9341-2
2634,9341-3
2635,9341-4
2636,9378-1
2637,9378-2
2638,9378-3
2639,9378-5
2640,9378-6
2641,9378-7
2642,9378-8
2643,9378-9
2644,9393-10
2645,9393-11
2646,9393-12
2647,9393-13
2648,9393-14
2649,9393-15
2650,9393-16
2651,9393-17
2652,9393-18
2653,9393-19
2654,9393-20
2655,9393-22
2656,9393-4
2657,9393-5
2658,9393-6
2659,9393-7
2660,9393-8
2661,9393-9
2662,9412-1
2663,9416-10
2664,9416-11
2665,9416-12
2666,9416-13
2667,9416-14
2668,9416-15
2669,9416-16
2670,9416-17
2671,9416-18
2672,9416-19
2673,9416-20
2674,9416-21
2675,9416-22
2676,9416-23
2677,9416-24
2678,9416-25
2679,9416-26
2680,9416-27
2681,9416-28
2682,9416-29
2683,9416-3
2684,9416-30
2685,9416-31
2686,9416-32
2687,9416-33
2688,9416-34
2689,9416-35
2690,9416-36
2691,9416-37
2692,9416-38
2693,9416-39
2694,9416-4
2695,9416-40
2696,9416-41
2697,9416-42
2698,9416-43
2699,9416-44
2700,9416-45
2701,9416-46
2702,9416-47
2703,9416-49
2704,9416-5
2705,9416-50
2706,9416-51
2707,9416-53
2708,9416-54
2709,9416-56
2710,9416-58
2711,9416-60
2712,9416-7
2713,9416-8
2714,9416-9
2715,9419-1
2716,9419-2
2717,9419-3
2718,9442-1
2719,9442-2
2720,9442-3
2721,9442-4
2722,9442-5
2723,9460-1
2724,9460-10
2725,9460-11
2726,9460-12
2727,9460-2
2728,9460-3
2729,9460-4
2730,9460-5
2731,9460-6
2732,9460-7
2733,9460-8
2734,9460-9
2735,9475-1
2736,9475-2
2737,9475-3
2738,9494-1
2739,9494-2
2740,9494-3
2741,9494-4
2742,9510-1
2743,9510-2
2744,9510-3
2745,9544-1
2746,9544-2
2747,9544-3
2748,9544-4
2749,9565-1
2750,9565-10
2751,9565-11
2752,9565-12
2753,9565-13
2754,9565-14
2755,9565-15
2756,9565-16
2757,9565-17
2758,9565-18
2759,9565-19
2760,9565-2
2761,9565-20
2762,9565-21
2763,9565-22
2764,9565-23
2765,9565-24
2766,9565-3
2767,9565-4
2768,9565-5
2769,9565-6
2770,9565-7
2771,9565-8
2772,9565-9
2773,9579-1
2774,9579-2
2775,9579-3
2776,9590-1
2777,9590-10
2778,9590-11
2779,9590-12
2780,9590-2
2781,9590-3
2782,9590-4
2783,9590-5
2784,9590-6
2785,9590-7
2786,9590-8
2787,9590-9
2788,9630-4
2789,9646-1
2790,9646-2
2791,9646-3
2792,9646-4
2793,9646-5
2794,9646-6
2795,9646-7
2796,9646-8
2797,9697-6
2798,9697-7
2799,9697-8
2800,9720-1
2801,9736-1
2802,9736-2
2803,9736-3
2804,9736-4
2805,9744-1
2806,9744-2
2807,9744-3
2808,9751-1
2809,9751-2
2810,9751-3
2811,9751-4
2812,9759-1
2813,9759-2
2814,9759-3
2815,9759-4
2816,9802-1
2817,9802-2
2818,9802-3
2819,9842-1
2820,9842-2
2821,9842-3
2822,9864-1
2823,9864-2
2824,9864-3
2825,9906-1
2826,9906-2
2827,9906-3
2828,9906-4
2829,9913-1
2830,9913-10
2831,9913-11
2832,9913-12
2833,9913-13
2834,9913-14
2835,9913-15
2836,9913-16
2837,9913-2
2838,9913-3
2839,9913-4
2840,9913-5
2841,9913-6
2842,9913-7
2843,9913-8
2844,9913-9
2845,9915-1
2846,9915-10
2847,9915-2
2848,9915-3
2849,9915-4
2850,9915-5
2851,9915-6
2852,9915-7
2853,9915-8
2854,9915-9
2855,9922-1
2856,9922-10
2857,9922-11
2858,9922-12
2859,9922-13
2860,9922-14
2861,9922-15
2862,9922-16
2863,9922-17
2864,9922-18
2865,9922-19
2866,9922-2
2867,9922-20
2868,9922-21
2869,9922-23
2870,9922-3
2871,9922-4
2872,9922-5
2873,9922-6
2874,9922-7
2875,9922-8
2876,9922-9
2877,9945-1
2878,9945-2
2879,9945-3
2880,9945-4
2881,9945-5
2882,9945-6
2883,9950-1
2884,9950-2
2885,9950-4
2886,9950-6
2887,9951-1
2888,9951-2
2889,19585-2
2890,6443-17
2891,6133-5
2892,7164-46
2893,10688-1
2894,6331-1
2895,6331-2
2896,6331-3
2897,7147-32
2898,7147-33
2899,7147-34
2900,7147-35
2901,7147-36
2902,7147-37
2903,7147-38
2904,7147-39
2905,7147-41
2906,7147-42
2907,7147-43
2908,7147-44
2909,7147-45
2910,7147-46
2911,7147-47
2912,7147-48
2913,7147-49
2914,7147-50
2915,7147-54
2916,8257-10
2917,8257-11
2918,8257-12
2919,8257-13
2920,8257-14
2921,8257-15
2922,8257-16
2923,8257-17
2924,8257-18
2925,8257-19
2926,8257-20
2927,8257-22
2928,8257-23
2929,8257-27
2930,8257-28
2931,8257-29
2932,8257-9
2933,11161-4
2934,11171-8
2935,13759-23
2936,14169-28
2937,19774-2
2938,19794-14
2939,20181-2
2940,30080-1
2941,30213-1
2942,7046-23
2943,7164-45
2944,7777-10
2945,13328-2
2946,19557-3
2947,4706-6
2948,5202-36
2949,7528-4
2950,1245-7
2951,14561-2
2952,19491-2
2953,19794-6
2954,2823-39
2955,8257-67
2956,9142-7
2957,30265-1
2958,12197-3
2959,13596-6
2960,4204-14
2961,9416-59
2962,10611-16
2963,10611-17
2964,10838-13
2965,11470-6
2966,19684-2
2967,7228-56
2968,8316-18
2969,8316-20
2970,8707-11
2971,19437-1
2972,7430-19
2973,7430-20
2974,7430-21
2975,7430-23
2976,7430-24
2977,11488-1
2978,4441-26
2979,7147-77
2980,7147-78
2981,7430-25
2982,10611-18
2983,10688-5
2984,11339-3
2985,11473-10
2986,13444-4
2987,13794-6
2988,14228-3
2989,14297-8
2990,14708-3
2991,14708-6
2992,19389-1
2993,19894-1
2994,3390-66
2995,5202-34
2996,6827-42
2997,7046-24
2998,7185-24
2999,7228-51
3000,7228-52
3001,8219-14
3002,8257-66
3003,8528-17
3004,9416-62
3005,11690-1
3006,6359-1
3007,6359-2
3008,6359-3
3009,10213-51
3010,4410-9
3011,7430-26
3012,6552-29
3013,7912-115
3014,2823-38
3015,7164-44
3016,7777-11
3017,7777-12
3018,4719-1
3019,8118-66
3020,8118-67
3021,9950-3
3022,3778-36
3023,3778-43
3024,10589-1
3025,10213-52
3026,8246-3
3027,9133-3
3028,11288-8
3029,13801-1
3030,30100-1
3031,8528-20
3032,9913-17
3033,8095-23
3034,8246-1
3035,8246-4
3036,9416-57
3037,11520-3
3038,3600-3
3039,11332-2
3040,30066-1
3041,8316-19
3042,2387-18
3043,6309-21
3044,4441-29
3045,9294-57
3046,4441-47
3047,10688-4
3048,14201-1
3049,5202-32
3050,13399-2
3051,10886-2
3052,10117-7
3053,10117-8
3054,19794-8
3055,7060-59
3056,19277-3
3057,19794-7
3058,20181-3
3059,30009-1
3060,30188-1
3061,7912-118
3062,7912-119
3063,7912-120
3064,7912-122
3065,7912-123
3066,11214-3
3067,11804-4
3068,14275-5
3069,19492-1
3070,19794-16
3071,13759-19
3072,19545-2
3073,2823-42
3074,30097-1
3075,7912-121
3076,11242-2
3077,20183-1
3078,30160-1
3079,30416-1
3080,7164-47
3081,8257-65
3082,8257-68
3083,8257-69
3084,8257-70
3085,8493-26
3086,9590-14
3087,9590-15
3088,13101-1
3089,20119-2
3090,10213-56
3091,10372-4
3092,10949-7
3093,13759-25
3094,14708-4
3095,19841-5
3096,30167-1
3097,30369-1
3098,4441-70
3099,6701-16
3100,7060-21
3101,7702-40
3102,8899-4
3103,10213-55
3104,10316-49
3105,14032-4
3106,14032-5
3107,14226-1
3108,8428-24
3109,7777-9
3110,8316-21
3111,10382-11
3112,10555-14
3113,10611-20
3114,19706-4
3115,20146-1
3116,30154-1
3117,7147-81
3118,13661-2
3119,19116-1
3120,19867-1
3121,7147-80
3122,11214-2
3123,1245-8
3124,13816-3
3125,14589-10
3126,19249-2
3127,19934-1
3128,19971-1
3129,30085-1
3130,30288-1
3131,3390-56
3132,7228-57
3133,8428-23
3134,8971-16
3135,9950-5
3136,30051-1
3137,19971-2
3138,7147-79
3139,19575-1
3140,6737-96
3141,14536-2
3142,8493-24
3143,8777-9
3144,6309-11
3145,10279-2
3146,10279-3
3147,7185-23
3148,7864-3
3149,19589-1
3150,10609-41
3151,11270-2
3152,19965-1
3153,2387-16
3154,7864-4
3155,9697-10
3156,9697-11
3157,14032-2
3158,30107-1
3159,19809-1
3160,14032-3
3161,14269-3
3162,13759-20
3163,14285-4
3164,19456-3
3165,9646-9
3166,6552-13
3167,6552-14
3168,6552-16
3169,6552-17
3170,6552-18
3171,6552-20
3172,6552-7
3173,6552-8
3174,10609-38
3175,4248-20
3176,9393-23
3177,19519-1
3178,19794-17
3179,20138-1
3180,14228-1
3181,19794-9
3182,8118-70
3183,8118-72
3184,10713-17
3185,12388-1
3186,13328-3
3187,13759-22
3188,30223-1
3189,7180-37
3190,7180-38
3191,7702-44
3192,8118-60
3193,8118-68
3194,8118-69
3195,8118-71
3196,14297-10
3197,14297-11
3198,14297-12
3199,14297-13
3200,14297-14
3201,14297-15
3202,14297-16
3203,14297-17
3204,14710-3
3205,6123-15
3206,7576-14
3207,8118-73
3208,30440-1
3209,7912-126
3210,7912-125
3211,10316-50
3212,13096-3
3213,13759-26
3214,13759-27
3215,19812-1
3216,20251-1
3217,2387-19
3218,2823-41
3219,30292-1
3220,6552-33
3221,6866-16
3222,6866-17
3223,7751-4
3224,8118-74
3225,835-12
3226,11413-9
3227,14020-5
3228,19534-3
3229,19998-1
3230,30424-1
3231,30455-1
3232,5468-9
3233,7912-124
3234,10611-23
3235,10611-24
3236,10656-2
3237,11940-4
3238,11940-5
3239,13708-2
3240,14320-10
3241,14320-11
3242,14320-12
3243,14320-13
3244,14320-14
3245,14320-15
3246,14320-16
3247,14320-9
3248,14675-4
3249,19456-4
3250,19800-2
3251,19911-1
3252,19911-2
3253,20258-1
3254,2387-20
3255,303-2
3256,303-3
3257,5887-13
3258,6309-27
3259,6418-35
3260,7147-73
3261,7751-2
3262,8326-16
3263,8326-19
3264,11018-4
3265,13829-1
3266,20101-1
3267,6418-34
3268,7430-27
3269,11115-6
3270,11115-7
3271,13772-6
3272,13861-1
3273,14310-2
3274,14414-2
3275,14523-3
3276,1773-10
3277,19116-3
3278,19281-1
3279,19612-1
3280,19809-2
3281,19932-1
3282,30189-1
3283,30189-2
3284,30189-3
3285,3390-75
3286,3625-4
3287,6443-18
3288,6443-19
3289,6443-20
3290,6443-21
3291,6443-9
3292,7147-82
3293,7777-13
3294,8257-71
3295,835-11
3296,9646-10
3297,13732-4
3298,13732-5
3299,13732-6
3300,19398-5
3301,19398-6
3302,19841-7
3303,30406-1
3304,3390-71
3305,3390-76
3306,4919-22
3307,6443-22
3308,6443-23
3309,6443-24
3310,7185-25
3311,7228-50
3312,7228-58
3313,8095-33
3314,8095-34
3315,8095-35
3316,8493-27
3317,8707-10
3318,9697-12
3319,10213-53
3320,13080-3
3321,13187-3
3322,13732-7
3323,14169-32
3324,19869-2
3325,20034-1
3326,20166-2
3327,20230-1
3328,2277-10
3329,2277-11
3330,2277-12
3331,2277-9
3332,30100-2
3333,4204-15
3334,5736-59
3335,5736-60
3336,5736-61
3337,5736-62
3338,8462-5
3339,8918-49
3340,8918-50
3341,8918-51
3342,8918-52
3343,8918-53
3344,11703-1
3345,12149-2
3346,3390-64
3347,3390-67
3348,3390-68
3349,3390-72
3350,8311-26
3351,8918-54
3352,8918-55
3353,8918-56
3354,10117-9
3355,12071-3
3356,13421-2
3357,13585-2
3358,14708-7
3359,19277-2
3360,19774-3
3361,20146-2
3362,30022-1
3363,30170-2
3364,30170-3
3365,30355-1
3366,7536-3
3367,8971-15
3368,9142-11
3369,9262-4
3370,10268-10
3371,1181-9
3372,13420-1
3373,30376-1
3374,13732-3
3375,14226-2
3376,5887-12
3377,835-10
3378,14362-3
3379,7702-46
3380,9393-21
3381,7702-45
3382,8257-64
3383,10123-1
3384,13461-8
3385,13137-2
3386,19557-2
3387,10241-4
3388,14297-9
3389,11473-9
3390,20231-1
3391,13759-21
3392,13759-24
3393,13956-1
3394,19863-1
3395,7147-72
3396,9142-2
3397,19794-10
3398,8428-22
3399,8493-25
3400,14361-2
3401,14361-3
3402,8246-5
3403,4919-23
3404,19398-3
3405,19398-4
3406,10241-5
3407,13471-1
3408,10611-22
3409,19148-3
3410,30015-1
3411,30015-2
3412,7147-70
3413,10713-18
3414,10744-1
3415,20175-1
3416,30471-1
3417,7576-13
3418,11018-3
3419,14275-4
3420,19862-1
3421,19862-2
3422,7912-127
3423,7912-128
3424,7912-129
3425,20231-2
3426,20231-3
3427,5202-37
3428,5887-14
3429,7912-116
3430,8940-11
3431,8895-5
3432,8257-72
3433,13096-4
3434,14273-3
3435,14561-3
3436,19344-1
3437,19985-7
3438,19985-8
3439,9294-56
3440,13461-1
3441,20120-3
3442,8118-75
3443,8118-76
3444,10241-6
3445,13399-3
3446,13578-5
3447,13759-28
3448,14575-1
3449,19706-3
3450,30440-2
3451,8326-20
3452,8899-1
3453,9008-1
3454,9333-14
3455,10-8
3456,14675-3
3457,20100-1
3458,30424-2
3459,4204-13
3460,8257-73
3461,8918-45
3462,8918-46
3463,8941-11
3464,13772-5
3465,19794-11
3466,20166-1
3467,20183-2
3468,2823-44
3469,30435-1
3470,6418-36
3471,7430-22
3472,7430-28
3473,7430-29
3474,8899-3
3475,9142-10
3476,9416-63
3477,8899-5
3478,10213-54
3479,10372-3
3480,12197-2
3481,20063-1
3482,20241-2
3483,362-12
3484,7215-9
3485,7228-53
3486,7228-59
3487,8161-33
3488,8257-74
3489,9590-13
3490,9590-16
3491,10316-51
3492,11115-8
3493,11473-11
3494,14297-18
3495,14297-19
3496,14297-20
3497,19794-18
3498,19841-6
3499,19841-8
3500,19841-9
3501,20191-1
3502,2823-43
3503,30170-1
3504,5121-11
3505,14297-21
3506,19642-1
3507,19794-12
3508,20066-1
3509,20119-1
3510,30438-1
3511,30486-1
3512,6129-2
3513,6309-25
3514,13101-3
3515,13955-1
3516,14228-4
3517,14228-5
3518,14228-6
3519,14616-1
3520,19333-3
3521,20120-1
3522,20120-2
3523,30423-1
3524,30545-1
3525,5975-3
3526,6089-25
3527,6089-26
3528,7147-83
3529,7147-84
3530,7147-85
3531,7777-14
3532,7777-15
3533,9922-22
3534,14032-6
3535,14589-9
3536,20031-1
3537,20134-1
3538,20214-1
3539,2387-21
3540,30524-1
3541,5736-63
3542,5736-64
3543,6034-31
3544,6129-3
3545,6443-25
3546,6443-26
3547,8095-36
3548,8161-31
3549,9759-5
3550,30351-1
3551,2277-8
3552,30100-3
3553,30549-1
3554,4441-46
3555,7430-4
3556,8918-48
3557,9294-62
3558,20212-1
3559,
3560,
3561,
3562,
3563,
3564,
3565,
3566,
3567,
3568,
3569,
3570,
3571,
3572,
3573,
3574,
3575,
3576,
3577,
3578,
3579,
3580,
3581,
3582,
3583,
3584,
3585,
3586,
3587,
3588,
3589,
3590,
3591,
3592,
3593,
3594,
3595,
3596,
3597,
3598,
3599,
3600,
3601,
3602,
3603,
3604,
3605,
3606,
3607,
3608,
3609,
3610,
3611,
3612,
3613,
3614,
3615,
3616,
3617,
3618,
3619,
3620,
3621,
3622,
3623,
3624,
3625,
3626,
3627,
3628,
3629,
3630,
3631,
3632,
3633,
3634,
3635,
3636,
3637,
3638,
3639,
3640,
3641,
3642,
3643,
3644,
3645,
3646,
3647,
3648,
3649,
3650,
3651,
3652,
3653,
3654,
3655,
3656,
3657,
3658,
3659,
3660,
3661,
3662,
3663,
3664,
3665,
3666,
3667,
3668,
3669,
3670,
3671,
3672,
3673,
3674,
3675,
3676,
3677,
3678,
3679,
3680,
3681,
3682,
3683,
3684,
3685,
3686,
3687,
3688,
3689,
3690,
3691,
3692,
3693,
3694,
3695,
3696,
3697,
3698,
3699,
3700,
3701,
3702,
3703,
3704,
3705,
3706,
3707,
3708,
3709,
3710,
3711,
3712,
3713,
3714,
3715,
3716,
3717,
3718,
3719,
3720,
3721,
3722,
3723,
3724,
3725,
3726,
3727,
3728,
3729,
3730,
3731,
3732,
3733,
3734,
3735,
3736,
3737,
3738,
3739,
3740,
3741,
3742,
3743,
3744,
3745,
3746,
3747,
3748,
3749,
3750,
3751,
3752,
3753,
3754,
3755,
3756,
3757,
3758,
3759,
3760,
3761,
3762,
3763,
3764,
3765,
3766,
3767,
3768,
3769,
3770,
3771,
3772,
3773,
3774,
3775,
3776,
3777,
3778,
3779,
3780,
3781,
3782,
3783,
3784,
3785,
3786,
3787,
3788,
3789,
3790,
3791,
3792,
3793,
3794,
3795,
3796,
3797,
3798,
3799,
3800,
3801,
3802,
3803,
3804,
3805,
3806,
3807,
3808,
3809,
3810,
3811,
3812,
3813,
3814,
3815,
3816,
3817,
3818,
3819,
3820,
3821,
3822,
3823,
3824,
3825,
3826,
3827,
3828,
3829,
3830,
3831,
3832,
3833,
3834,
3835,
3836,
3837,
3838,
3839,
3840,
3841,
3842,
3843,
3844,
3845,
3846,
3847,
3848,
3849,
3850,
3851,
3852,
3853,
3854,
3855,
3856,
3857,
3858,
3859,
3860,
3861,
3862,
3863,
3864,
3865,
3866,
3867,
3868,
3869,
3870,
3871,
3872,
3873,
3874,
3875,
3876,
3877,
3878,
3879,
3880,
3881,
3882,
3883,
3884,
3885,
3886,
3887,
3888,
3889,
3890,
3891,
3892,
3893,
3894,
3895,
3896,
3897,
3898,
3899,
3900,
3901,
3902,
3903,
3904,
3905,
3906,
3907,
3908,
3909,
3910,
3911,
3912,
3913,
3914,
3915,
3916,
3917,
3918,
3919,
3920,
3921,
3922,
3923,
3924,
3925,
3926,
3927,
3928,
3929,
3930,
3931,
3932,
3933,
3934,
3935,
3936,
3937,
3938,
3939,
3940,
3941,
3942,
3943,
3944,
3945,
3946,
3947,
3948,
3949,
3950,
3951,
3952,
3953,
3954,
3955,
3956,
3957,
3958,
3959,
3960,
3961,
3962,
3963,
3964,
3965,
3966,
3967,
3968,
3969,
3970,
3971,
3972,
3973,
3974,
3975,
3976,
3977,
3978,
3979,
3980,
3981,
3982,
3983,
3984,
3985,
3986,
3987,
3988,
3989,
3990,
3991,
3992,
3993,
3994,
3995,
3996,
3997,
3998,
3999,
4000,
4001,
4002,
4003,
4004,
4005,
4006,
4007,
4008,
4009,
4010,
4011,
4012,
4013,
4014,
4015,
4016,
4017,
4018,
4019,
4020,
4021,
4022,
4023,
4024,
4025,
4026,
4027,
4028,
4029,
4030,
4031,
4032,
4033,
4034,
4035,
4036,
4037,
4038,
4039,
4040,
4041,
4042,
4043,
4044,
4045,
4046,
4047,
4048,
4049,
4050,
4051,
4052,
4053,
4054,
4055,
4056,
4057,
4058,
4059,
4060,
4061,
4062,
4063,
4064,
4065,
4066,
4067,
4068,
4069,
4070,
4071,
4072,
4073,
4074,
4075,
4076,
4077,
4078,
4079,
4080,
4081,
4082,
4083,
4084,
4085,
4086,
4087,
4088,
4089,
4090,
4091,
4092,
4093,
4094,
4095,
4096,
4097,
4098,
4099,
4100,
4101,
4102,
4103,
4104,
4105,
4106,
4107,
4108,
4109,
4110,
4111,
4112,
4113,
4114,
4115,
4116,
4117,
4118,
4119,
4120,
4121,
4122,
4123,
4124,
4125,
4126,
4127,
4128,
4129,
4130,
4131,
4132,
4133,
4134,
4135,
4136,
4137,
4138,
4139,
4140,
4141,
4142,
4143,
4144,
4145,
4146,
4147,
4148,
4149,
4150,
4151,
4152,
4153,
4154,
4155,
4156,
4157,
4158,
4159,
4160,
4161,
4162,
4163,
4164,
4165,
4166,
4167,
4168,
4169,
4170,
4171,
4172,
4173,
4174,
4175,
4176,
4177,
4178,
4179,
4180,
4181,
4182,
4183,
4184,
4185,
4186,
4187,
4188,
4189,
4190,
4191,
4192,
4193,
4194,
4195,
4196,
4197,
4198,
4199,
4200,
4201,
4202,
4203,
4204,
4205,
4206,
4207,
4208,
4209,
4210,
4211,
4212,
4213,
4214,
4215,
4216,
4217,
4218,
4219,
4220,
4221,
4222,
4223,
4224,
4225,
4226,
4227,
4228,
4229,
4230,
4231,
4232,
4233,
4234,
4235,
4236,
4237,
4238,
4239,
4240,
4241,
4242,
4243,
4244,
4245,
4246,
4247,
4248,
4249,
4250,
4251,
4252,
4253,
4254,
4255,
4256,
4257,
4258,
4259,
4260,
4261,
4262,
4263,
4264,
4265,
4266,
4267,
4268,
4269,
4270,
4271,
4272,
4273,
4274,
4275,
4276,
4277,
4278,
4279,
4280,
4281,
4282,
4283,
4284,
4285,
4286,
4287,
4288,
4289,
4290,
4291,
4292,
4293,
4294,
4295,
4296,
4297,
4298,
4299,
4300,
4301,
4302,
4303,
4304,
4305,
4306,
4307,
4308,
4309,
4310,
4311,
4312,
4313,
4314,
4315,
4316,
4317,
4318,
4319,
4320,
4321,
4322,
4323,
4324,
4325,
4326,
4327,
4328,
4329,
4330,
4331,
4332,
4333,
4334,
4335,
4336,
4337,
4338,
4339,
4340,
4341,
4342,
4343,
4344,
4345,
4346,
4347,
4348,
4349,
4350,
4351,
4352,
4353,
4354,
4355,
4356,
4357,
4358,
4359,
4360,
4361,
4362,
4363,
4364,
4365,
4366,
4367,
4368,
4369,
4370,
4371,
4372,
4373,
4374,
4375,
4376,
4377,
4378,
4379,
4380,
4381,
4382,
4383,
4384,
4385,
4386,
4387,
4388,
4389,
4390,
4391,
4392,
4393,
4394,
4395,
4396,
4397,
4398,
4399,
4400,
4401,
4402,
4403,
4404,
4405,
4406,
4407,
4408,
4409,
4410,
4411,
4412,
4413,
4414,
4415,
4416,
4417,
4418,
4419,
4420,
4421,
4422,
4423,
4424,
4425,
4426,
4427,
4428,
4429,
4430,
4431,
4432,
4433,
4434,
4435,
4436,
4437,
4438,
4439,
4440,
4441,
4442,
4443,
4444,
4445,
4446,
4447,
4448,
4449,
4450,
4451,
4452,
4453,
4454,
4455,
4456,
4457,
4458,
4459,
4460,
4461,
4462,
4463,
4464,
4465,
4466,
4467,
4468,
4469,
4470,
4471,
4472,
4473,
4474,
4475,
4476,
4477,
4478,
4479,
4480,
4481,
4482,
4483,
4484,
4485,
4486,
4487,
4488,
4489,
4490,
4491,
4492,
4493,
4494,
4495,
4496,
4497,
4498,
4499,
4500,
4501,
4502,
4503,
4504,
4505,
4506,
4507,
4508,
4509,
4510,
4511,
4512,
4513,
4514,
4515,
4516,
4517,
4518,
4519,
4520,
4521,
4522,
4523,
4524,
4525,
4526,
4527,
4528,
4529,
4530,
4531,
4532,
4533,
4534,
4535,
4536,
4537,
4538,
4539,
4540,
4541,
4542,
4543,
4544,
4545,
4546,
4547,
4548,
4549,
4550,
4551,
4552,
4553,
4554,
4555,
4556,
4557,
4558,
4559,
4560,
4561,
4562,
4563,
4564,
4565,
4566,
4567,
4568,
4569,
4570,
4571,
4572,
4573,
4574,
4575,
4576,
4577,
4578,
4579,
4580,
4581,
4582,
4583,
4584,
4585,
4586,
4587,
4588,
4589,
4590,
4591,
4592,
4593,
4594,
4595,
4596,
4597,
4598,
4599,
4600,
4601,
4602,
4603,
4604,
4605,
4606,
4607,
4608,
4609,
4610,
4611,
4612,
4613,
4614,
4615,
4616,
4617,
4618,
4619,
4620,
4621,
4622,
4623,
4624,
4625,
4626,
4627,
4628,
4629,
4630,
4631,
4632,
4633,
4634,
4635,
4636,
4637,
4638,
4639,
4640,
4641,
4642,
4643,
4644,
4645,
4646,
4647,
4648,
4649,
4650,
4651,
4652,
4653,
4654,
4655,
4656,
4657,
4658,
4659,
4660,
4661,
4662,
4663,
4664,
4665,
4666,
4667,
4668,
4669,
4670,
4671,
4672,
4673,
4674,
4675,
4676,
4677,
4678,
4679,
4680,
4681,
4682,
4683,
4684,
4685,
4686,
4687,
4688,
4689,
4690,
4691,
4692,
4693,
4694,
4695,
4696,
4697,
4698,
4699,
4700,
4701,
4702,
4703,
4704,
4705,
4706,
4707,
4708,
4709,
4710,
4711,
4712,
4713,
4714,
4715,
4716,
4717,
4718,
4719,
4720,
4721,
4722,
4723,
4724,
4725,
4726,
4727,
4728,
4729,
4730,
4731,
4732,
4733,
4734,
4735,
4736,
4737,
4738,
4739,
4740,
4741,
4742,
4743,
4744,
4745,
4746,
4747,
4748,
4749,
4750,
4751,
4752,
4753,
4754,
4755,
4756,
4757,
4758,
4759,
4760,
4761,
4762,
4763,
4764,
4765,
4766,
4767,
4768,
4769,
4770,
4771,
4772,
4773,
4774,
4775,
4776,
4777,
4778,
4779,
4780,
4781,
4782,
4783,
4784,
4785,
4786,
4787,
4788,
4789,
4790,
4791,
4792,
4793,
4794,
4795,
4796,
4797,
4798,
4799,
4800,
4801,
4802,
4803,
4804,
4805,
4806,
4807,
4808,
4809,
4810,
4811,
4812,
4813,
4814,
4815,
4816,
4817,
4818,
4819,
4820,
4821,
4822,
4823,
4824,
4825,
4826,
4827,
4828,
4829,
4830,
4831,
4832,
4833,
4834,
4835,
4836,
4837,
4838,
4839,
4840,
4841,
4842,
4843,
4844,
4845,
4846,
4847,
4848,
4849,
4850,
4851,
4852,
4853,
4854,
4855,
4856,
4857,
4858,
4859,
4860,
4861,
4862,
4863,
4864,
4865,
4866,
4867,
4868,
4869,
4870,
4871,
4872,
4873,
4874,
4875,
4876,
4877,
4878,
4879,
4880,
4881,
4882,
4883,
4884,
4885,
4886,
4887,
4888,
4889,
4890,
4891,
4892,
4893,
4894,
4895,
4896,
4897,
4898,
4899,
4900,
4901,
4902,
4903,
4904,
4905,
4906,
4907,
4908,
4909,
4910,
4911,
4912,
4913,
4914,
4915,
4916,
4917,
4918,
4919,
4920,
4921,
4922,
4923,
4924,
4925,
4926,
4927,
4928,
4929,
4930,
4931,
4932,
4933,
4934,
4935,
4936,
4937,
4938,
4939,
4940,
4941,
4942,
4943,
4944,
4945,
4946,
4947,
4948,
4949,
4950,
4951,
4952,
4953,
4954,
4955,
4956,
4957,
4958,
4959,
4960,
4961,
4962,
4963,
4964,
4965,
4966,
4967,
4968,
4969,
4970,
4971,
4972,
4973,
4974,
4975,
4976,
4977,
4978,
4979,
4980,
4981,
4982,
4983,
4984,
4985,
4986,
4987,
4988,
4989,
4990,
4991,
4992,
4993,
4994,
4995,
4996,
4997,
4998,
4999,
5000,
5001,
5002,
5003,
5004,
5005,
5006,
5007,
5008,
5009,
5010,
5011,
5012,
5013,
5014,
5015,
5016,
5017,
5018,
5019,
5020,
5021,
5022,
5023,
5024,
5025,
5026,
5027,
5028,
5029,
5030,
5031,
5032,
5033,
5034,
5035,
5036,
5037,
5038,
5039,
5040,
5041,
5042,
5043,
5044,
5045,
5046,
5047,
5048,
5049,
5050,
5051,
5052,
5053,
5054,
5055,
5056,
5057,
5058,
5059,
5060,
5061,
5062,
5063,
5064,
5065,
5066,
5067,
5068,
5069,
5070,
5071,
5072,
5073,
5074,
5075,
5076,
5077,
5078,
5079,
5080,
5081,
5082,
5083,
5084,
5085,
5086,
5087,
5088,
5089,
5090,
5091,
5092,
5093,
5094,
5095,
5096,
5097,
5098,
5099,
5100,
5101,
5102,
5103,
5104,
5105,
5106,
5107,
5108,
5109,
5110,
5111,
5112,
5113,
5114,
5115,
5116,
5117,
5118,
5119,
5120,
5121,
5122,
5123,
5124,
5125,
5126,
5127,
5128,
5129,
5130,
5131,
5132,
5133,
5134,
5135,
5136,
5137,
5138,
5139,
5140,
5141,
5142,
5143,
5144,
5145,
5146,
5147,
5148,
5149,
5150,
5151,
5152,
5153,
5154,
5155,
5156,
5157,
5158,
5159,
5160,
5161,
5162,
5163,
5164,
5165,
5166,
5167,
5168,
5169,
5170,
5171,
5172,
5173,
5174,
5175,
5176,
5177,
5178,
5179,
5180,
5181,
5182,
5183,
5184,
5185,
5186,
5187,
5188,
5189,
5190,
5191,
5192,
5193,
5194,
5195,
5196,
5197,
5198,
5199,
5200,
5201,
5202,
5203,
5204,
5205,
5206,
5207,
5208,
5209,
5210,
5211,
5212,
5213,
5214,
5215,
5216,
5217,
5218,
5219,
5220,
5221,
5222,
5223,
5224,
5225,
5226,
5227,
5228,
5229,
5230,
5231,
5232,
5233,
5234,
5235,
5236,
5237,
5238,
5239,
5240,
5241,
5242,
5243,
5244,
5245,
5246,
5247,
5248,
5249,
5250,
5251,
5252,
5253,
5254,
5255,
5256,
5257,
5258,
5259,
5260,
5261,
5262,
5263,
5264,
5265,
5266,
5267,
5268,
5269,
5270,
5271,
5272,
5273,
5274,
5275,
5276,
5277,
5278,
5279,
5280,
5281,
5282,
5283,
5284,
5285,
5286,
5287,
5288,
5289,
5290,
5291,
5292,
5293,
5294,
5295,
5296,
5297,
5298,
5299,
5300,
5301,
5302,
5303,
5304,
5305,
5306,
5307,
5308,
5309,
5310,
5311,
5312,
5313,
5314,
5315,
5316,
5317,
5318,
5319,
5320,
5321,
5322,
5323,
5324,
5325,
5326,
5327,
5328,
5329,
5330,
5331,
5332,
5333,
5334,
5335,
5336,
5337,
5338,
5339,
5340,
5341,
5342,
5343,
5344,
5345,
5346,
5347,
5348,
5349,
5350,
5351,
5352,
5353,
5354,
5355,
5356,
5357,
5358,
5359,
5360,
5361,
5362,
5363,
5364,
5365,
5366,
5367,
5368,
5369,
5370,
5371,
5372,
5373,
5374,
5375,
5376,
5377,
5378,
5379,
5380,
5381,
5382,
5383,
5384,
5385,
5386,
5387,
5388,
5389,
5390,
5391,
5392,
5393,
5394,
5395,
5396,
5397,
5398,
5399,
5400,
5401,
5402,
5403,
5404,
5405,
5406,
5407,
5408,
5409,
5410,
5411,
5412,
5413,
5414,
5415,
5416,
5417,
5418,
5419,
5420,
5421,
5422,
5423,
5424,
5425,
5426,
5427,
5428,
5429,
5430,
5431,
5432,
5433,
5434,
5435,
5436,
5437,
5438,
5439,
5440,
5441,
5442,
5443,
5444,
5445,
5446,
5447,
5448,
5449,
5450,
5451,
5452,
5453,
5454,
5455,
5456,
5457,
5458,
5459,
5460,
5461,
5462,
5463,
5464,
5465,
5466,
5467,
5468,
5469,
5470,
5471,
5472,
5473,
5474,
5475,
5476,
5477,
5478,
5479,
5480,
5481,
5482,
5483,
5484,
5485,
5486,
5487,
5488,
5489,
5490,
5491,
5492,
5493,
5494,
5495,
5496,
5497,
5498,
5499,
5500,
5501,
5502,
5503,
5504,
5505,
5506,
5507,
5508,
5509,
5510,
5511,
5512,
5513,
5514,
5515,
5516,
5517,
5518,
5519,
5520,
5521,
5522,
5523,
5524,
5525,
5526,
5527,
5528,
5529,
5530,
5531,
5532,
5533,
5534,
5535,
5536,
5537,
5538,
5539,
5540,
5541,
5542,
5543,
5544,
5545,
5546,
5547,
5548,
5549,
5550,
5551,
5552,
5553,
5554,
5555,
5556,
5557,
5558,
5559,
5560,
5561,
5562,
5563,
5564,
5565,
5566,
5567,
5568,
5569,
5570,
5571,
5572,
5573,
5574,
5575,
5576,
5577,
5578,
5579,
5580,
5581,
5582,
5583,
5584,
5585,
5586,
5587,
5588,
5589,
5590,
5591,
5592,
5593,
5594,
5595,
5596,
5597,
5598,
5599,
5600,
5601,
5602,
5603,
5604,
5605,
5606,
5607,
5608,
5609,
5610,
5611,
5612,
5613,
5614,
5615,
5616,
5617,
5618,
5619,
5620,
5621,
5622,
5623,
5624,
5625,
5626,
5627,
5628,
5629,
5630,
5631,
5632,
5633,
5634,
5635,
5636,
5637,
5638,
5639,
5640,
5641,
5642,
5643,
5644,
5645,
5646,
5647,
5648,
5649,
5650,
5651,
5652,
5653,
5654,
5655,
5656,
5657,
5658,
5659,
5660,
5661,
5662,
5663,
5664,
5665,
5666,
5667,
5668,
5669,
5670,
5671,
5672,
5673,
5674,
5675,
5676,
5677,
5678,
5679,
5680,
5681,
5682,
5683,
5684,
5685,
5686,
5687,
5688,
5689,
5690,
5691,
5692,
5693,
5694,
5695,
5696,
5697,
5698,
5699,
5700,
5701,
5702,
5703,
5704,
5705,
5706,
5707,
5708,
5709,
5710,
5711,
5712,
5713,
5714,
5715,
5716,
5717,
5718,
5719,
5720,
5721,
5722,
5723,
5724,
5725,
5726,
5727,
5728,
5729,
5730,
5731,
5732,
5733,
5734,
5735,
5736,
5737,
5738,
5739,
5740,
5741,
5742,
5743,
5744,
5745,
5746,
5747,
5748,
5749,
5750,
5751,
5752,
5753,
5754,
5755,
5756,
5757,
5758,
5759,
5760,
5761,
5762,
5763,
5764,
5765,
5766,
5767,
5768,
5769,
5770,
5771,
5772,
5773,
5774,
5775,
5776,
5777,
5778,
5779,
5780,
5781,
5782,
5783,
5784,
5785,
5786,
5787,
5788,
5789,
5790,
5791,
5792,
5793,
5794,
5795,
5796,
5797,
5798,
5799,
5800,
5801,
5802,
5803,
5804,
5805,
5806,
5807,
5808,
5809,
5810,
5811,
5812,
5813,
5814,
5815,
5816,
5817,
5818,
5819,
5820,
5821,
5822,
5823,
5824,
5825,
5826,
5827,
5828,
5829,
5830,
5831,
5832,
5833,
5834,
5835,
5836,
5837,
5838,
5839,
5840,
5841,
5842,
5843,
5844,
5845,
5846,
5847,
5848,
5849,
5850,
5851,
5852,
5853,
5854,
5855,
5856,
5857,
5858,
5859,
5860,
5861,
5862,
5863,
5864,
5865,
5866,
5867,
5868,
5869,
5870,
5871,
5872,
5873,
5874,
5875,
5876,
5877,
5878,
5879,
5880,
5881,
5882,
5883,
5884,
5885,
5886,
5887,
5888,
5889,
5890,
5891,
5892,
5893,
5894,
5895,
5896,
5897,
5898,
5899,
5900,
5901,
5902,
5903,
5904,
5905,
5906,
5907,
5908,
5909,
5910,
5911,
5912,
5913,
5914,
5915,
5916,
5917,
5918,
5919,
5920,
5921,
5922,
5923,
5924,
5925,
5926,
5927,
5928,
5929,
5930,
5931,
5932,
5933,
5934,
5935,
5936,
5937,
5938,
5939,
5940,
5941,
5942,
5943,
5944,
5945,
5946,
5947,
5948,
5949,
5950,
5951,
5952,
5953,
5954,
5955,
5956,
5957,
5958,
5959,
5960,
5961,
5962,
5963,
5964,
5965,
5966,
5967,
5968,
5969,
5970,
5971,
5972,
5973,
5974,
5975,
5976,
5977,
5978,
5979,
5980,
5981,
5982,
5983,
5984,
5985,
5986,
5987,
5988,
5989,
5990,
5991,
5992,
5993,
5994,
5995,
5996,
5997,
5998,
5999,
6000,
6001,
6002,
6003,
6004,
6005,
6006,
6007,
6008,
6009,
6010,
6011,
6012,
6013,
6014,
6015,
6016,
6017,
6018,
6019,
6020,
6021,
6022,
6023,
6024,
6025,
6026,
6027,
6028,
6029,
6030,
6031,
6032,
6033,
6034,
6035,
6036,
6037,
6038,
6039,
6040,
6041,
6042,
6043,
6044,
6045,
6046,
6047,
6048,
6049,
6050,
6051,
6052,
6053,
6054,
6055,
6056,
6057,
6058,
6059,
6060,
6061,
6062,
6063,
6064,
6065,
6066,
6067,
6068,
6069,
6070,
6071,
6072,
6073,
6074,
6075,
6076,
6077,
6078,
6079,
6080,
6081,
6082,
6083,
6084,
6085,
6086,
6087,
6088,
6089,
6090,
6091,
6092,
6093,
6094,
6095,
6096,
6097,
6098,
6099,
6100,
6101,
6102,
6103,
6104,
6105,
6106,
6107,
6108,
6109,
6110,
6111,
6112,
6113,
6114,
6115,
6116,
6117,
6118,
6119,
6120,
6121,
6122,
6123,
6124,
6125,
6126,
6127,
6128,
6129,
6130,
6131,
6132,
6133,
6134,
6135,
6136,
6137,
6138,
6139,
6140,
6141,
6142,
6143,
6144,
6145,
6146,
6147,
6148,
6149,
6150,
6151,
6152,
6153,
6154,
6155,
6156,
6157,
6158,
6159,
6160,
6161,
6162,
6163,
6164,
6165,
6166,
6167,
6168,
6169,
6170,
6171,
6172,
6173,
6174,
6175,
6176,
6177,
6178,
6179,
6180,
6181,
6182,
6183,
6184,
6185,
6186,
6187,
6188,
6189,
6190,
6191,
6192,
6193,
6194,
6195,
6196,
6197,
6198,
6199,
6200,
6201,
6202,
6203,
6204,
6205,
6206,
6207,
6208,
6209,
6210,
6211,
6212,
6213,
6214,
6215,
6216,
6217,
6218,
6219,
6220,
6221,
6222,
6223,
6224,
6225,
6226,
6227,
6228,
6229,
6230,
6231,
6232,
6233,
6234,
6235,
6236,
6237,
6238,
6239,
6240,
6241,
6242,
6243,
6244,
6245,
6246,
6247,
6248,
6249,
6250,
6251,
6252,
6253,
6254,
6255,
6256,
6257,
6258,
6259,
6260,
6261,
6262,
6263,
6264,
6265,
6266,
6267,
6268,
6269,
6270,
6271,
6272,
6273,
6274,
6275,
6276,
6277,
6278,
6279,
6280,
6281,
6282,
6283,
6284,
6285,
6286,
6287,
6288,
6289,
6290,
6291,
6292,
6293,
6294,
6295,
6296,
6297,
6298,
6299,
6300,
6301,
6302,
6303,
6304,
6305,
6306,
6307,
6308,
6309,
6310,
6311,
6312,
6313,
6314,
6315,
6316,
6317,
6318,
6319,
6320,
6321,
6322,
6323,
6324,
6325,
6326,
6327,
6328,
6329,
6330,
6331,
6332,
6333,
6334,
6335,
6336,
6337,
6338,
6339,
6340,
6341,
6342,
6343,
6344,
6345,
6346,
6347,
6348,
6349,
6350,
6351,
6352,
6353,
6354,
6355,
6356,
6357,
6358,
6359,
6360,
6361,
6362,
6363,
6364,
6365,
